{
  "gmail-flow": {
    "steps/analyze-email.step.py": {
      "x": 481.2609021289569,
      "y": 799.8959507662372
    },
    "steps/auto-responder.step.ts": {
      "x": -10.457674182462341,
      "y": 1130.3487540842234
    },
    "steps/daily-summary.step.ts": {
      "x": -23.165190735694807,
      "y": 3.947888283378731
    },
    "steps/fetch-email.step.ts": {
      "x": 480.5,
      "y": 632
    },
    "steps/gmail-auth.step.ts": {
      "x": 820,
      "y": 58
    },
    "steps/gmail-get-auth-url.step.ts": {
      "x": 1230,
      "y": 68
    },
    "steps/gmail-token-status.step.ts": {
      "x": 1787,
      "y": 17.797480807096377
    },
    "steps/gmail-watch.step.ts": {
      "x": 1498,
      "y": 68
    },
    "steps/gmail-webhook.step.ts": {
      "x": 410,
      "y": 374
    },
    "steps/noops/gmail-webhook-simulator.step.ts": {
      "x": -470.2338340965376,
      "y": 87.65666238382079
    },
    "steps/noops/google-auth-noops.step.ts": {
      "x": 1178.1595872017188,
      "y": 549.9212499730157
    },
    "steps/noops/human-review.step.ts": {
      "x": 393.3619518197033,
      "y": 1151.8846140246526
    },
    "steps/organize-email.step.ts": {
      "x": 970.6293080891629,
      "y": 1126.9789867313496
    },
    "steps/api/gmail-get-auth-url.step.ts": {
      "x": 1195.2611084571167,
      "y": -87.84031509943745
    },
    "steps/api/gmail-auth.step.ts": {
      "x": 821.0995361651217,
      "y": -68.13826775439205
    },
    "steps/api/gmail-watch.step.ts": {
      "x": 1718.0507117782772,
      "y": 50.98929142691475
    },
    "steps/api/gmail-webhook.step.ts": {
      "x": 389.1493042476825,
      "y": 347.2872440818693
    },
    "steps/api/gmail-token-status.step.ts": {
      "x": 1443,
      "y": -94
    }
  }
}