{
  "gmail-flow": {
    "steps/analyze-email.step.py": {
      "x": 498,
      "y": 808
    },
    "steps/auto-responder.step.ts": {
      "x": -4.8425749318801365,
      "y": 961.8957765667575
    },
    "steps/daily-summary.step.ts": {
      "x": -23.165190735694807,
      "y": 3.947888283378731
    },
    "steps/fetch-email.step.ts": {
      "x": 480.5,
      "y": 632
    },
    "steps/gmail-auth.step.ts": {
      "x": 820,
      "y": 58
    },
    "steps/gmail-get-auth-url.step.ts": {
      "x": 1230,
      "y": 68
    },
    "steps/gmail-token-status.step.ts": {
      "x": 1787,
      "y": 17.797480807096377
    },
    "steps/gmail-watch.step.ts": {
      "x": 1498,
      "y": 68
    },
    "steps/gmail-webhook.step.ts": {
      "x": 410,
      "y": 374
    },
    "steps/noops/gmail-webhook-simulator.step.ts": {
      "x": 410,
      "y": 0
    },
    "steps/noops/google-auth-noops.step.ts": {
      "x": 1178.1595872017188,
      "y": 549.9212499730157
    },
    "steps/noops/human-review.step.ts": {
      "x": 408.33814713896453,
      "y": 1076.6607629427792
    },
    "steps/organize-email.step.ts": {
      "x": 960.4179836512262,
      "y": 980.4279291553134
    },
    "steps/api/gmail-get-auth-url.step.ts": {
      "x": 1221.2611084571167,
      "y": 34.15968490056255
    },
    "steps/api/gmail-auth.step.ts": {
      "x": 823.0995361651217,
      "y": 13.861732245607953
    },
    "steps/api/gmail-watch.step.ts": {
      "x": 1504.0507117782772,
      "y": 10.989291426914747
    },
    "steps/api/gmail-webhook.step.ts": {
      "x": 389.1493042476825,
      "y": 347.2872440818693
    },
    "steps/api/gmail-token-status.step.ts": {
      "x": 1377,
      "y": 20
    }
  }
}